0.jpeg,BE,3,2,2,,BE,"+

3

.",,,,"‘

3

.",,"‘

3

."
1.jpeg,the,3,2,2,the,the,,,the,the,the,the,the
10.png,hours),3,2,2,,hours),,,hours),hours),hours),hours),hours)
100.png,mean,3,2,2,,,,,,,,,
1000.png,(ii),3,2,2,,(11),,(ii),,(il),(11),(11),(11)
1001.png,(d),3,2,2,,,,,,,,,
1002.png,out,3,2,2,,,,,,,,,
1003.png,exchange,3,2,2,exchange,,,,exchange,,,,
1004.jpeg,there,3,2,2,there,,,,there,,,,
1005.jpeg,you/,3,2,2,you/,you/,you/,you/,you/,you/,you/,you/,you/
1006.png,FOB,3,2,2,,,,,,,,,
1007.png,by,3,2,2,,,,,,,,,
1008.jpeg,little,3,2,2,little,little,,,little,little,,little,
1009.png,School.,3,2,2,,School}.,School.,,,School.,School.,School.,School.
101.png,data,3,2,2,data,data,,,data,data,data,data,data
1010.png,Examine,3,2,2,Examine,examine,,,Examine,examine,,examine,
1011.png,Policy,3,2,2,Policy,Policy,,,Policy,Policy,Policy,Policy,Policy
1012.jpeg,Drer,3,2,2,Drer,Drer,Drer,Drer,Drer,Drer,Drer,Drer,Drer
1013.png,of,3,2,2,of,of,of,,,of,of,of,of
1014.jpeg,HIM,3,2,2,HIM,HIM,HIM,,HIM,HIM,HIM,HIM,HIM
